<?xml version="1.0" encoding="utf-8"?>
<ArrayOfCar xmlns:xsi="http://www.w3.org/2001/XMLSchema-instance" xmlns:xsd="http://www.w3.org/2001/XMLSchema">
	<Car>
		<Make>Subaru</Make>
		<Year>2016</Year>
		<Color>gray</Color>
		<EngineSize>1.6</EngineSize>
		<Price>31365</Price>
		<Dealer>New West Autos</Dealer>
	</Car>
	<Car>
		<Make>Mazda</Make>
		<Year>2014</Year>
		<Color>blue</Color>
		<EngineSize>2.5</EngineSize>
		<Price>45448</Price>
		<Dealer>New West Autos</Dealer>
	</Car>
	<Car>
		<Make>Lexus</Make>
		<Year>2012</Year>
		<Color>green</Color>
		<EngineSize>1.4</EngineSize>
		<Price>27372</Price>
		<Dealer>Pattison</Dealer>
	</Car>
	<Car>
		<Make>BMW</Make>
		<Year>2014</Year>
		<Color>silver</Color>
		<EngineSize>3.0</EngineSize>
		<Price>41341</Price>
		<Dealer>RideAway</Dealer>
	</Car>
	<Car>
		<Make>Porsche</Make>
		<Year>2012</Year>
		<Color>gray</Color>
		<EngineSize>1.8</EngineSize>
		<Price>21204</Price>
		<Dealer>OpenRoad</Dealer>
	</Car>
	<Car>
		<Make>Fiat</Make>
		<Year>2018</Year>
		<Color>silver</Color>
		<EngineSize>3.0</EngineSize>
		<Price>38830</Price>
		<Dealer>New West Autos</Dealer>
	</Car>
	<Car>
		<Make>Kia</Make>
		<Year>2013</Year>
		<Color>gray</Color>
		<EngineSize>2.5</EngineSize>
		<Price>48203</Price>
		<Dealer>RideAway</Dealer>
	</Car>
	<Car>
		<Make>Mazda</Make>
		<Year>2018</Year>
		<Color>silver</Color>
		<EngineSize>1.8</EngineSize>
		<Price>26208</Price>
		<Dealer>Pattison</Dealer>
	</Car>
	<Car>
		<Make>Audi</Make>
		<Year>2017</Year>
		<Color>blue</Color>
		<EngineSize>2.0</EngineSize>
		<Price>25043</Price>
		<Dealer>RideAway</Dealer>
	</Car>
	<Car>
		<Make>Porsche</Make>
		<Year>2017</Year>
		<Color>silver</Color>
		<EngineSize>2.5</EngineSize>
		<Price>35671</Price>
		<Dealer>New West Autos</Dealer>
	</Car>
	<Car>
		<Make>Volvo</Make>
		<Year>2011</Year>
		<Color>blue</Color>
		<EngineSize>1.8</EngineSize>
		<Price>42791</Price>
		<Dealer>New West Autos</Dealer>
	</Car>
	<Car>
		<Make>Fiat</Make>
		<Year>2015</Year>
		<Color>black</Color>
		<EngineSize>3.0</EngineSize>
		<Price>44720</Price>
		<Dealer>New West Autos</Dealer>
	</Car>
	<Car>
		<Make>Chevrolet</Make>
		<Year>2018</Year>
		<Color>white</Color>
		<EngineSize>1.6</EngineSize>
		<Price>26199</Price>
		<Dealer>RideAway</Dealer>
	</Car>
	<Car>
		<Make>Hyundai</Make>
		<Year>2015</Year>
		<Color>green</Color>
		<EngineSize>1.6</EngineSize>
		<Price>38201</Price>
		<Dealer>Dueck</Dealer>
	</Car>
	<Car>
		<Make>Toyota</Make>
		<Year>2013</Year>
		<Color>red</Color>
		<EngineSize>1.6</EngineSize>
		<Price>44574</Price>
		<Dealer>New West Autos</Dealer>
	</Car>
	<Car>
		<Make>Mazda</Make>
		<Year>2018</Year>
		<Color>black</Color>
		<EngineSize>3.0</EngineSize>
		<Price>31140</Price>
		<Dealer>OpenRoad</Dealer>
	</Car>
	<Car>
		<Make>Porsche</Make>
		<Year>2015</Year>
		<Color>silver</Color>
		<EngineSize>1.4</EngineSize>
		<Price>48260</Price>
		<Dealer>RideAway</Dealer>
	</Car>
	<Car>
		<Make>BMW</Make>
		<Year>2015</Year>
		<Color>silver</Color>
		<EngineSize>1.8</EngineSize>
		<Price>24114</Price>
		<Dealer>Pattison</Dealer>
	</Car>
	<Car>
		<Make>Chevrolet</Make>
		<Year>2011</Year>
		<Color>white</Color>
		<EngineSize>1.4</EngineSize>
		<Price>41402</Price>
		<Dealer>RideAway</Dealer>
	</Car>
	<Car>
		<Make>Volkswagen</Make>
		<Year>2016</Year>
		<Color>silver</Color>
		<EngineSize>1.6</EngineSize>
		<Price>45812</Price>
		<Dealer>OpenRoad</Dealer>
	</Car>
	<Car>
		<Make>Porsche</Make>
		<Year>2018</Year>
		<Color>blue</Color>
		<EngineSize>2.0</EngineSize>
		<Price>35582</Price>
		<Dealer>Dueck</Dealer>
	</Car>
	<Car>
		<Make>Nissan</Make>
		<Year>2014</Year>
		<Color>silver</Color>
		<EngineSize>2.5</EngineSize>
		<Price>31954</Price>
		<Dealer>RideAway</Dealer>
	</Car>
	<Car>
		<Make>Hyundai</Make>
		<Year>2015</Year>
		<Color>silver</Color>
		<EngineSize>1.8</EngineSize>
		<Price>26484</Price>
		<Dealer>OpenRoad</Dealer>
	</Car>
	<Car>
		<Make>Fiat</Make>
		<Year>2011</Year>
		<Color>green</Color>
		<EngineSize>2.0</EngineSize>
		<Price>38834</Price>
		<Dealer>New West Autos</Dealer>
	</Car>
	<Car>
		<Make>Mercedes-Benz</Make>
		<Year>2012</Year>
		<Color>green</Color>
		<EngineSize>1.4</EngineSize>
		<Price>44223</Price>
		<Dealer>RideAway</Dealer>
	</Car>
	<Car>
		<Make>Chevrolet</Make>
		<Year>2012</Year>
		<Color>red</Color>
		<EngineSize>1.4</EngineSize>
		<Price>26998</Price>
		<Dealer>RideAway</Dealer>
	</Car>
	<Car>
		<Make>Toyota</Make>
		<Year>2013</Year>
		<Color>green</Color>
		<EngineSize>2.0</EngineSize>
		<Price>34023</Price>
		<Dealer>OpenRoad</Dealer>
	</Car>
	<Car>
		<Make>Nissan</Make>
		<Year>2016</Year>
		<Color>blue</Color>
		<EngineSize>2.5</EngineSize>
		<Price>34435</Price>
		<Dealer>Pattison</Dealer>
	</Car>
	<Car>
		<Make>Mercedes-Benz</Make>
		<Year>2014</Year>
		<Color>white</Color>
		<EngineSize>1.4</EngineSize>
		<Price>30039</Price>
		<Dealer>Dueck</Dealer>
	</Car>
	<Car>
		<Make>Volkswagen</Make>
		<Year>2016</Year>
		<Color>white</Color>
		<EngineSize>1.8</EngineSize>
		<Price>47589</Price>
		<Dealer>Dueck</Dealer>
	</Car>
	<Car>
		<Make>Audi</Make>
		<Year>2014</Year>
		<Color>silver</Color>
		<EngineSize>1.8</EngineSize>
		<Price>30524</Price>
		<Dealer>New West Autos</Dealer>
	</Car>
	<Car>
		<Make>Fiat</Make>
		<Year>2013</Year>
		<Color>silver</Color>
		<EngineSize>2.0</EngineSize>
		<Price>45200</Price>
		<Dealer>RideAway</Dealer>
	</Car>
	<Car>
		<Make>Audi</Make>
		<Year>2014</Year>
		<Color>green</Color>
		<EngineSize>1.4</EngineSize>
		<Price>26880</Price>
		<Dealer>Pattison</Dealer>
	</Car>
	<Car>
		<Make>Toyota</Make>
		<Year>2015</Year>
		<Color>gray</Color>
		<EngineSize>2.0</EngineSize>
		<Price>40714</Price>
		<Dealer>New West Autos</Dealer>
	</Car>
	<Car>
		<Make>Subaru</Make>
		<Year>2016</Year>
		<Color>white</Color>
		<EngineSize>2.0</EngineSize>
		<Price>38509</Price>
		<Dealer>Pattison</Dealer>
	</Car>
	<Car>
		<Make>Toyota</Make>
		<Year>2017</Year>
		<Color>blue</Color>
		<EngineSize>1.8</EngineSize>
		<Price>41066</Price>
		<Dealer>New West Autos</Dealer>
	</Car>
	<Car>
		<Make>Mazda</Make>
		<Year>2013</Year>
		<Color>silver</Color>
		<EngineSize>1.8</EngineSize>
		<Price>25435</Price>
		<Dealer>New West Autos</Dealer>
	</Car>
	<Car>
		<Make>Fiat</Make>
		<Year>2013</Year>
		<Color>gray</Color>
		<EngineSize>1.4</EngineSize>
		<Price>44561</Price>
		<Dealer>OpenRoad</Dealer>
	</Car>
	<Car>
		<Make>Porsche</Make>
		<Year>2015</Year>
		<Color>silver</Color>
		<EngineSize>3.0</EngineSize>
		<Price>44623</Price>
		<Dealer>Pattison</Dealer>
	</Car>
	<Car>
		<Make>Volvo</Make>
		<Year>2013</Year>
		<Color>blue</Color>
		<EngineSize>1.6</EngineSize>
		<Price>47287</Price>
		<Dealer>New West Autos</Dealer>
	</Car>
	<Car>
		<Make>Chevrolet</Make>
		<Year>2011</Year>
		<Color>red</Color>
		<EngineSize>1.4</EngineSize>
		<Price>29223</Price>
		<Dealer>Pattison</Dealer>
	</Car>
	<Car>
		<Make>Fiat</Make>
		<Year>2017</Year>
		<Color>white</Color>
		<EngineSize>3.0</EngineSize>
		<Price>30104</Price>
		<Dealer>New West Autos</Dealer>
	</Car>
	<Car>
		<Make>Volvo</Make>
		<Year>2018</Year>
		<Color>black</Color>
		<EngineSize>1.6</EngineSize>
		<Price>45179</Price>
		<Dealer>OpenRoad</Dealer>
	</Car>
	<Car>
		<Make>Toyota</Make>
		<Year>2016</Year>
		<Color>blue</Color>
		<EngineSize>1.4</EngineSize>
		<Price>34025</Price>
		<Dealer>New West Autos</Dealer>
	</Car>
	<Car>
		<Make>Audi</Make>
		<Year>2014</Year>
		<Color>white</Color>
		<EngineSize>3.0</EngineSize>
		<Price>23742</Price>
		<Dealer>OpenRoad</Dealer>
	</Car>
	<Car>
		<Make>Mercedes-Benz</Make>
		<Year>2014</Year>
		<Color>green</Color>
		<EngineSize>1.4</EngineSize>
		<Price>24736</Price>
		<Dealer>OpenRoad</Dealer>
	</Car>
	<Car>
		<Make>Ford</Make>
		<Year>2018</Year>
		<Color>silver</Color>
		<EngineSize>2.5</EngineSize>
		<Price>29788</Price>
		<Dealer>OpenRoad</Dealer>
	</Car>
	<Car>
		<Make>BMW</Make>
		<Year>2015</Year>
		<Color>black</Color>
		<EngineSize>1.4</EngineSize>
		<Price>43291</Price>
		<Dealer>Pattison</Dealer>
	</Car>
	<Car>
		<Make>Fiat</Make>
		<Year>2014</Year>
		<Color>green</Color>
		<EngineSize>2.5</EngineSize>
		<Price>35217</Price>
		<Dealer>RideAway</Dealer>
	</Car>
	<Car>
		<Make>Audi</Make>
		<Year>2018</Year>
		<Color>white</Color>
		<EngineSize>3.0</EngineSize>
		<Price>26113</Price>
		<Dealer>RideAway</Dealer>
	</Car>
	<Car>
		<Make>Toyota</Make>
		<Year>2015</Year>
		<Color>black</Color>
		<EngineSize>2.0</EngineSize>
		<Price>32129</Price>
		<Dealer>OpenRoad</Dealer>
	</Car>
	<Car>
		<Make>Mercedes-Benz</Make>
		<Year>2018</Year>
		<Color>silver</Color>
		<EngineSize>1.6</EngineSize>
		<Price>40024</Price>
		<Dealer>Pattison</Dealer>
	</Car>
	<Car>
		<Make>Kia</Make>
		<Year>2017</Year>
		<Color>white</Color>
		<EngineSize>1.6</EngineSize>
		<Price>47398</Price>
		<Dealer>RideAway</Dealer>
	</Car>
	<Car>
		<Make>Hyundai</Make>
		<Year>2017</Year>
		<Color>gray</Color>
		<EngineSize>1.6</EngineSize>
		<Price>42231</Price>
		<Dealer>New West Autos</Dealer>
	</Car>
	<Car>
		<Make>Subaru</Make>
		<Year>2015</Year>
		<Color>gray</Color>
		<EngineSize>2.0</EngineSize>
		<Price>35847</Price>
		<Dealer>RideAway</Dealer>
	</Car>
	<Car>
		<Make>Fiat</Make>
		<Year>2013</Year>
		<Color>silver</Color>
		<EngineSize>2.0</EngineSize>
		<Price>44493</Price>
		<Dealer>New West Autos</Dealer>
	</Car>
	<Car>
		<Make>BMW</Make>
		<Year>2015</Year>
		<Color>silver</Color>
		<EngineSize>1.8</EngineSize>
		<Price>44890</Price>
		<Dealer>OpenRoad</Dealer>
	</Car>
	<Car>
		<Make>Toyota</Make>
		<Year>2017</Year>
		<Color>white</Color>
		<EngineSize>1.6</EngineSize>
		<Price>34463</Price>
		<Dealer>RideAway</Dealer>
	</Car>
	<Car>
		<Make>Hyundai</Make>
		<Year>2018</Year>
		<Color>green</Color>
		<EngineSize>1.6</EngineSize>
		<Price>49257</Price>
		<Dealer>New West Autos</Dealer>
	</Car>
	<Car>
		<Make>Ford</Make>
		<Year>2017</Year>
		<Color>green</Color>
		<EngineSize>2.0</EngineSize>
		<Price>37933</Price>
		<Dealer>Dueck</Dealer>
	</Car>
	<Car>
		<Make>Fiat</Make>
		<Year>2013</Year>
		<Color>silver</Color>
		<EngineSize>3.0</EngineSize>
		<Price>28603</Price>
		<Dealer>OpenRoad</Dealer>
	</Car>
	<Car>
		<Make>Porsche</Make>
		<Year>2017</Year>
		<Color>black</Color>
		<EngineSize>3.0</EngineSize>
		<Price>29454</Price>
		<Dealer>Dueck</Dealer>
	</Car>
	<Car>
		<Make>Subaru</Make>
		<Year>2014</Year>
		<Color>blue</Color>
		<EngineSize>1.4</EngineSize>
		<Price>48544</Price>
		<Dealer>RideAway</Dealer>
	</Car>
	<Car>
		<Make>Hyundai</Make>
		<Year>2015</Year>
		<Color>green</Color>
		<EngineSize>1.8</EngineSize>
		<Price>32199</Price>
		<Dealer>Pattison</Dealer>
	</Car>
	<Car>
		<Make>Kia</Make>
		<Year>2017</Year>
		<Color>red</Color>
		<EngineSize>1.4</EngineSize>
		<Price>49572</Price>
		<Dealer>OpenRoad</Dealer>
	</Car>
	<Car>
		<Make>Ford</Make>
		<Year>2016</Year>
		<Color>blue</Color>
		<EngineSize>3.0</EngineSize>
		<Price>37599</Price>
		<Dealer>Pattison</Dealer>
	</Car>
	<Car>
		<Make>Subaru</Make>
		<Year>2013</Year>
		<Color>green</Color>
		<EngineSize>1.8</EngineSize>
		<Price>38212</Price>
		<Dealer>OpenRoad</Dealer>
	</Car>
	<Car>
		<Make>Mercedes-Benz</Make>
		<Year>2014</Year>
		<Color>blue</Color>
		<EngineSize>3.0</EngineSize>
		<Price>34969</Price>
		<Dealer>Dueck</Dealer>
	</Car>
	<Car>
		<Make>Chevrolet</Make>
		<Year>2017</Year>
		<Color>gray</Color>
		<EngineSize>1.6</EngineSize>
		<Price>38100</Price>
		<Dealer>New West Autos</Dealer>
	</Car>
	<Car>
		<Make>Subaru</Make>
		<Year>2014</Year>
		<Color>gray</Color>
		<EngineSize>2.5</EngineSize>
		<Price>38888</Price>
		<Dealer>Pattison</Dealer>
	</Car>
	<Car>
		<Make>Ford</Make>
		<Year>2016</Year>
		<Color>black</Color>
		<EngineSize>1.6</EngineSize>
		<Price>39893</Price>
		<Dealer>New West Autos</Dealer>
	</Car>
	<Car>
		<Make>Chevrolet</Make>
		<Year>2014</Year>
		<Color>red</Color>
		<EngineSize>2.5</EngineSize>
		<Price>29598</Price>
		<Dealer>Dueck</Dealer>
	</Car>
	<Car>
		<Make>Lexus</Make>
		<Year>2018</Year>
		<Color>blue</Color>
		<EngineSize>2.5</EngineSize>
		<Price>48406</Price>
		<Dealer>OpenRoad</Dealer>
	</Car>
	<Car>
		<Make>Lexus</Make>
		<Year>2011</Year>
		<Color>silver</Color>
		<EngineSize>2.0</EngineSize>
		<Price>44839</Price>
		<Dealer>Dueck</Dealer>
	</Car>
	<Car>
		<Make>Lexus</Make>
		<Year>2018</Year>
		<Color>white</Color>
		<EngineSize>1.6</EngineSize>
		<Price>45562</Price>
		<Dealer>Pattison</Dealer>
	</Car>
	<Car>
		<Make>Toyota</Make>
		<Year>2016</Year>
		<Color>gray</Color>
		<EngineSize>2.0</EngineSize>
		<Price>40784</Price>
		<Dealer>New West Autos</Dealer>
	</Car>
	<Car>
		<Make>Subaru</Make>
		<Year>2018</Year>
		<Color>gray</Color>
		<EngineSize>2.5</EngineSize>
		<Price>27967</Price>
		<Dealer>Dueck</Dealer>
	</Car>
	<Car>
		<Make>Hyundai</Make>
		<Year>2014</Year>
		<Color>red</Color>
		<EngineSize>3.0</EngineSize>
		<Price>23245</Price>
		<Dealer>Pattison</Dealer>
	</Car>
	<Car>
		<Make>Kia</Make>
		<Year>2011</Year>
		<Color>green</Color>
		<EngineSize>1.4</EngineSize>
		<Price>37095</Price>
		<Dealer>Dueck</Dealer>
	</Car>
	<Car>
		<Make>Volkswagen</Make>
		<Year>2013</Year>
		<Color>black</Color>
		<EngineSize>1.6</EngineSize>
		<Price>35288</Price>
		<Dealer>Dueck</Dealer>
	</Car>
	<Car>
		<Make>Fiat</Make>
		<Year>2013</Year>
		<Color>black</Color>
		<EngineSize>2.5</EngineSize>
		<Price>47106</Price>
		<Dealer>RideAway</Dealer>
	</Car>
	<Car>
		<Make>Toyota</Make>
		<Year>2017</Year>
		<Color>green</Color>
		<EngineSize>2.0</EngineSize>
		<Price>22251</Price>
		<Dealer>New West Autos</Dealer>
	</Car>
	<Car>
		<Make>Toyota</Make>
		<Year>2014</Year>
		<Color>gray</Color>
		<EngineSize>2.0</EngineSize>
		<Price>22261</Price>
		<Dealer>OpenRoad</Dealer>
	</Car>
	<Car>
		<Make>Audi</Make>
		<Year>2011</Year>
		<Color>gray</Color>
		<EngineSize>1.6</EngineSize>
		<Price>34966</Price>
		<Dealer>Pattison</Dealer>
	</Car>
	<Car>
		<Make>Honda</Make>
		<Year>2011</Year>
		<Color>blue</Color>
		<EngineSize>2.0</EngineSize>
		<Price>32812</Price>
		<Dealer>Pattison</Dealer>
	</Car>
	<Car>
		<Make>Toyota</Make>
		<Year>2017</Year>
		<Color>white</Color>
		<EngineSize>2.5</EngineSize>
		<Price>34750</Price>
		<Dealer>Dueck</Dealer>
	</Car>
	<Car>
		<Make>Volkswagen</Make>
		<Year>2017</Year>
		<Color>green</Color>
		<EngineSize>1.8</EngineSize>
		<Price>40687</Price>
		<Dealer>OpenRoad</Dealer>
	</Car>
	<Car>
		<Make>Volkswagen</Make>
		<Year>2016</Year>
		<Color>green</Color>
		<EngineSize>1.8</EngineSize>
		<Price>20004</Price>
		<Dealer>Dueck</Dealer>
	</Car>
	<Car>
		<Make>Lexus</Make>
		<Year>2015</Year>
		<Color>blue</Color>
		<EngineSize>1.8</EngineSize>
		<Price>36194</Price>
		<Dealer>OpenRoad</Dealer>
	</Car>
	<Car>
		<Make>Mercedes-Benz</Make>
		<Year>2016</Year>
		<Color>red</Color>
		<EngineSize>2.5</EngineSize>
		<Price>20978</Price>
		<Dealer>OpenRoad</Dealer>
	</Car>
	<Car>
		<Make>Mercedes-Benz</Make>
		<Year>2013</Year>
		<Color>gray</Color>
		<EngineSize>2.5</EngineSize>
		<Price>35527</Price>
		<Dealer>OpenRoad</Dealer>
	</Car>
	<Car>
		<Make>Audi</Make>
		<Year>2011</Year>
		<Color>gray</Color>
		<EngineSize>3.0</EngineSize>
		<Price>49351</Price>
		<Dealer>Pattison</Dealer>
	</Car>
	<Car>
		<Make>Chevrolet</Make>
		<Year>2015</Year>
		<Color>gray</Color>
		<EngineSize>1.6</EngineSize>
		<Price>25221</Price>
		<Dealer>Pattison</Dealer>
	</Car>
	<Car>
		<Make>Porsche</Make>
		<Year>2016</Year>
		<Color>blue</Color>
		<EngineSize>1.6</EngineSize>
		<Price>39905</Price>
		<Dealer>New West Autos</Dealer>
	</Car>
	<Car>
		<Make>Mercedes-Benz</Make>
		<Year>2012</Year>
		<Color>blue</Color>
		<EngineSize>2.0</EngineSize>
		<Price>20683</Price>
		<Dealer>OpenRoad</Dealer>
	</Car>
	<Car>
		<Make>Kia</Make>
		<Year>2011</Year>
		<Color>red</Color>
		<EngineSize>1.6</EngineSize>
		<Price>35094</Price>
		<Dealer>Dueck</Dealer>
	</Car>
	<Car>
		<Make>Audi</Make>
		<Year>2016</Year>
		<Color>red</Color>
		<EngineSize>3.0</EngineSize>
		<Price>42423</Price>
		<Dealer>Dueck</Dealer>
	</Car>
	<Car>
		<Make>Fiat</Make>
		<Year>2011</Year>
		<Color>gray</Color>
		<EngineSize>1.6</EngineSize>
		<Price>43076</Price>
		<Dealer>Pattison</Dealer>
	</Car>
	<Car>
		<Make>Fiat</Make>
		<Year>2015</Year>
		<Color>green</Color>
		<EngineSize>3.0</EngineSize>
		<Price>23648</Price>
		<Dealer>Dueck</Dealer>
	</Car>
	<Car>
		<Make>Porsche</Make>
		<Year>2015</Year>
		<Color>white</Color>
		<EngineSize>2.0</EngineSize>
		<Price>44661</Price>
		<Dealer>Pattison</Dealer>
	</Car>
	<Car>
		<Make>BMW</Make>
		<Year>2018</Year>
		<Color>black</Color>
		<EngineSize>3.0</EngineSize>
		<Price>35492</Price>
		<Dealer>New West Autos</Dealer>
	</Car>
	<Car>
		<Make>Toyota</Make>
		<Year>2011</Year>
		<Color>gray</Color>
		<EngineSize>1.6</EngineSize>
		<Price>37976</Price>
		<Dealer>RideAway</Dealer>
	</Car>
	<Car>
		<Make>Honda</Make>
		<Year>2017</Year>
		<Color>black</Color>
		<EngineSize>1.4</EngineSize>
		<Price>39764</Price>
		<Dealer>OpenRoad</Dealer>
	</Car>
	<Car>
		<Make>Kia</Make>
		<Year>2012</Year>
		<Color>white</Color>
		<EngineSize>3.0</EngineSize>
		<Price>48683</Price>
		<Dealer>Dueck</Dealer>
	</Car>
	<Car>
		<Make>Hyundai</Make>
		<Year>2018</Year>
		<Color>black</Color>
		<EngineSize>2.5</EngineSize>
		<Price>49584</Price>
		<Dealer>OpenRoad</Dealer>
	</Car>
	<Car>
		<Make>Ford</Make>
		<Year>2017</Year>
		<Color>green</Color>
		<EngineSize>1.6</EngineSize>
		<Price>49101</Price>
		<Dealer>New West Autos</Dealer>
	</Car>
	<Car>
		<Make>Volvo</Make>
		<Year>2018</Year>
		<Color>blue</Color>
		<EngineSize>1.6</EngineSize>
		<Price>47025</Price>
		<Dealer>RideAway</Dealer>
	</Car>
	<Car>
		<Make>Toyota</Make>
		<Year>2014</Year>
		<Color>black</Color>
		<EngineSize>1.4</EngineSize>
		<Price>34668</Price>
		<Dealer>OpenRoad</Dealer>
	</Car>
	<Car>
		<Make>Toyota</Make>
		<Year>2012</Year>
		<Color>blue</Color>
		<EngineSize>3.0</EngineSize>
		<Price>20642</Price>
		<Dealer>New West Autos</Dealer>
	</Car>
	<Car>
		<Make>Fiat</Make>
		<Year>2012</Year>
		<Color>black</Color>
		<EngineSize>1.6</EngineSize>
		<Price>44791</Price>
		<Dealer>Dueck</Dealer>
	</Car>
	<Car>
		<Make>Audi</Make>
		<Year>2018</Year>
		<Color>black</Color>
		<EngineSize>1.8</EngineSize>
		<Price>22399</Price>
		<Dealer>RideAway</Dealer>
	</Car>
	<Car>
		<Make>Fiat</Make>
		<Year>2016</Year>
		<Color>silver</Color>
		<EngineSize>2.0</EngineSize>
		<Price>24466</Price>
		<Dealer>Pattison</Dealer>
	</Car>
	<Car>
		<Make>Mercedes-Benz</Make>
		<Year>2017</Year>
		<Color>black</Color>
		<EngineSize>3.0</EngineSize>
		<Price>23807</Price>
		<Dealer>Dueck</Dealer>
	</Car>
	<Car>
		<Make>Honda</Make>
		<Year>2015</Year>
		<Color>red</Color>
		<EngineSize>2.0</EngineSize>
		<Price>34346</Price>
		<Dealer>Pattison</Dealer>
	</Car>
	<Car>
		<Make>BMW</Make>
		<Year>2017</Year>
		<Color>black</Color>
		<EngineSize>1.6</EngineSize>
		<Price>41532</Price>
		<Dealer>New West Autos</Dealer>
	</Car>
	<Car>
		<Make>Volkswagen</Make>
		<Year>2015</Year>
		<Color>gray</Color>
		<EngineSize>3.0</EngineSize>
		<Price>47396</Price>
		<Dealer>Pattison</Dealer>
	</Car>
	<Car>
		<Make>Hyundai</Make>
		<Year>2011</Year>
		<Color>red</Color>
		<EngineSize>3.0</EngineSize>
		<Price>35611</Price>
		<Dealer>RideAway</Dealer>
	</Car>
	<Car>
		<Make>Lexus</Make>
		<Year>2015</Year>
		<Color>gray</Color>
		<EngineSize>1.6</EngineSize>
		<Price>39679</Price>
		<Dealer>OpenRoad</Dealer>
	</Car>
	<Car>
		<Make>Kia</Make>
		<Year>2013</Year>
		<Color>gray</Color>
		<EngineSize>2.0</EngineSize>
		<Price>28667</Price>
		<Dealer>RideAway</Dealer>
	</Car>
	<Car>
		<Make>Audi</Make>
		<Year>2016</Year>
		<Color>white</Color>
		<EngineSize>1.6</EngineSize>
		<Price>33934</Price>
		<Dealer>OpenRoad</Dealer>
	</Car>
	<Car>
		<Make>Chevrolet</Make>
		<Year>2013</Year>
		<Color>white</Color>
		<EngineSize>1.4</EngineSize>
		<Price>45333</Price>
		<Dealer>OpenRoad</Dealer>
	</Car>
	<Car>
		<Make>Volvo</Make>
		<Year>2013</Year>
		<Color>gray</Color>
		<EngineSize>1.4</EngineSize>
		<Price>22643</Price>
		<Dealer>OpenRoad</Dealer>
	</Car>
	<Car>
		<Make>Ford</Make>
		<Year>2012</Year>
		<Color>black</Color>
		<EngineSize>1.4</EngineSize>
		<Price>30588</Price>
		<Dealer>Pattison</Dealer>
	</Car>
	<Car>
		<Make>Mercedes-Benz</Make>
		<Year>2018</Year>
		<Color>red</Color>
		<EngineSize>1.8</EngineSize>
		<Price>21440</Price>
		<Dealer>RideAway</Dealer>
	</Car>
	<Car>
		<Make>Honda</Make>
		<Year>2011</Year>
		<Color>blue</Color>
		<EngineSize>3.0</EngineSize>
		<Price>28570</Price>
		<Dealer>Pattison</Dealer>
	</Car>
	<Car>
		<Make>Mercedes-Benz</Make>
		<Year>2012</Year>
		<Color>white</Color>
		<EngineSize>2.0</EngineSize>
		<Price>29619</Price>
		<Dealer>Dueck</Dealer>
	</Car>
	<Car>
		<Make>Toyota</Make>
		<Year>2014</Year>
		<Color>green</Color>
		<EngineSize>1.8</EngineSize>
		<Price>29744</Price>
		<Dealer>Pattison</Dealer>
	</Car>
	<Car>
		<Make>Chevrolet</Make>
		<Year>2017</Year>
		<Color>gray</Color>
		<EngineSize>2.0</EngineSize>
		<Price>42660</Price>
		<Dealer>OpenRoad</Dealer>
	</Car>
	<Car>
		<Make>Chevrolet</Make>
		<Year>2017</Year>
		<Color>blue</Color>
		<EngineSize>1.8</EngineSize>
		<Price>41156</Price>
		<Dealer>RideAway</Dealer>
	</Car>
	<Car>
		<Make>Toyota</Make>
		<Year>2014</Year>
		<Color>red</Color>
		<EngineSize>1.6</EngineSize>
		<Price>21813</Price>
		<Dealer>RideAway</Dealer>
	</Car>
	<Car>
		<Make>Volkswagen</Make>
		<Year>2011</Year>
		<Color>gray</Color>
		<EngineSize>3.0</EngineSize>
		<Price>48959</Price>
		<Dealer>Pattison</Dealer>
	</Car>
	<Car>
		<Make>BMW</Make>
		<Year>2018</Year>
		<Color>gray</Color>
		<EngineSize>3.0</EngineSize>
		<Price>48662</Price>
		<Dealer>New West Autos</Dealer>
	</Car>
	<Car>
		<Make>Audi</Make>
		<Year>2013</Year>
		<Color>gray</Color>
		<EngineSize>3.0</EngineSize>
		<Price>45338</Price>
		<Dealer>Pattison</Dealer>
	</Car>
	<Car>
		<Make>Chevrolet</Make>
		<Year>2018</Year>
		<Color>green</Color>
		<EngineSize>3.0</EngineSize>
		<Price>36963</Price>
		<Dealer>OpenRoad</Dealer>
	</Car>
	<Car>
		<Make>Toyota</Make>
		<Year>2016</Year>
		<Color>black</Color>
		<EngineSize>2.0</EngineSize>
		<Price>48397</Price>
		<Dealer>Pattison</Dealer>
	</Car>
	<Car>
		<Make>Nissan</Make>
		<Year>2018</Year>
		<Color>green</Color>
		<EngineSize>2.5</EngineSize>
		<Price>32817</Price>
		<Dealer>Dueck</Dealer>
	</Car>
	<Car>
		<Make>Porsche</Make>
		<Year>2012</Year>
		<Color>green</Color>
		<EngineSize>2.0</EngineSize>
		<Price>20474</Price>
		<Dealer>Pattison</Dealer>
	</Car>
	<Car>
		<Make>Kia</Make>
		<Year>2014</Year>
		<Color>gray</Color>
		<EngineSize>3.0</EngineSize>
		<Price>49735</Price>
		<Dealer>RideAway</Dealer>
	</Car>
	<Car>
		<Make>Subaru</Make>
		<Year>2012</Year>
		<Color>green</Color>
		<EngineSize>3.0</EngineSize>
		<Price>48139</Price>
		<Dealer>RideAway</Dealer>
	</Car>
	<Car>
		<Make>Hyundai</Make>
		<Year>2014</Year>
		<Color>silver</Color>
		<EngineSize>1.4</EngineSize>
		<Price>25526</Price>
		<Dealer>New West Autos</Dealer>
	</Car>
	<Car>
		<Make>Audi</Make>
		<Year>2014</Year>
		<Color>green</Color>
		<EngineSize>1.4</EngineSize>
		<Price>24697</Price>
		<Dealer>OpenRoad</Dealer>
	</Car>
	<Car>
		<Make>Subaru</Make>
		<Year>2016</Year>
		<Color>gray</Color>
		<EngineSize>3.0</EngineSize>
		<Price>24715</Price>
		<Dealer>OpenRoad</Dealer>
	</Car>
	<Car>
		<Make>Hyundai</Make>
		<Year>2012</Year>
		<Color>blue</Color>
		<EngineSize>1.6</EngineSize>
		<Price>40195</Price>
		<Dealer>OpenRoad</Dealer>
	</Car>
	<Car>
		<Make>Toyota</Make>
		<Year>2013</Year>
		<Color>green</Color>
		<EngineSize>2.0</EngineSize>
		<Price>34704</Price>
		<Dealer>Dueck</Dealer>
	</Car>
	<Car>
		<Make>Mazda</Make>
		<Year>2011</Year>
		<Color>silver</Color>
		<EngineSize>1.6</EngineSize>
		<Price>29538</Price>
		<Dealer>Pattison</Dealer>
	</Car>
	<Car>
		<Make>BMW</Make>
		<Year>2013</Year>
		<Color>blue</Color>
		<EngineSize>1.8</EngineSize>
		<Price>40879</Price>
		<Dealer>New West Autos</Dealer>
	</Car>
	<Car>
		<Make>Nissan</Make>
		<Year>2016</Year>
		<Color>blue</Color>
		<EngineSize>3.0</EngineSize>
		<Price>20964</Price>
		<Dealer>Pattison</Dealer>
	</Car>
	<Car>
		<Make>Porsche</Make>
		<Year>2011</Year>
		<Color>gray</Color>
		<EngineSize>3.0</EngineSize>
		<Price>44784</Price>
		<Dealer>New West Autos</Dealer>
	</Car>
	<Car>
		<Make>Honda</Make>
		<Year>2016</Year>
		<Color>white</Color>
		<EngineSize>3.0</EngineSize>
		<Price>25011</Price>
		<Dealer>RideAway</Dealer>
	</Car>
	<Car>
		<Make>Honda</Make>
		<Year>2018</Year>
		<Color>black</Color>
		<EngineSize>1.8</EngineSize>
		<Price>46381</Price>
		<Dealer>New West Autos</Dealer>
	</Car>
	<Car>
		<Make>Lexus</Make>
		<Year>2012</Year>
		<Color>black</Color>
		<EngineSize>3.0</EngineSize>
		<Price>41504</Price>
		<Dealer>OpenRoad</Dealer>
	</Car>
	<Car>
		<Make>Audi</Make>
		<Year>2014</Year>
		<Color>red</Color>
		<EngineSize>3.0</EngineSize>
		<Price>38344</Price>
		<Dealer>RideAway</Dealer>
	</Car>
	<Car>
		<Make>Ford</Make>
		<Year>2015</Year>
		<Color>white</Color>
		<EngineSize>2.5</EngineSize>
		<Price>44460</Price>
		<Dealer>RideAway</Dealer>
	</Car>
	<Car>
		<Make>Audi</Make>
		<Year>2016</Year>
		<Color>green</Color>
		<EngineSize>1.4</EngineSize>
		<Price>31069</Price>
		<Dealer>Dueck</Dealer>
	</Car>
	<Car>
		<Make>Kia</Make>
		<Year>2015</Year>
		<Color>white</Color>
		<EngineSize>3.0</EngineSize>
		<Price>35848</Price>
		<Dealer>RideAway</Dealer>
	</Car>
	<Car>
		<Make>Ford</Make>
		<Year>2018</Year>
		<Color>silver</Color>
		<EngineSize>3.0</EngineSize>
		<Price>33812</Price>
		<Dealer>Pattison</Dealer>
	</Car>
	<Car>
		<Make>BMW</Make>
		<Year>2014</Year>
		<Color>black</Color>
		<EngineSize>2.0</EngineSize>
		<Price>31507</Price>
		<Dealer>Dueck</Dealer>
	</Car>
	<Car>
		<Make>Subaru</Make>
		<Year>2011</Year>
		<Color>blue</Color>
		<EngineSize>1.6</EngineSize>
		<Price>27344</Price>
		<Dealer>OpenRoad</Dealer>
	</Car>
	<Car>
		<Make>Audi</Make>
		<Year>2017</Year>
		<Color>red</Color>
		<EngineSize>1.8</EngineSize>
		<Price>47348</Price>
		<Dealer>New West Autos</Dealer>
	</Car>
	<Car>
		<Make>Audi</Make>
		<Year>2013</Year>
		<Color>silver</Color>
		<EngineSize>3.0</EngineSize>
		<Price>24926</Price>
		<Dealer>RideAway</Dealer>
	</Car>
	<Car>
		<Make>Honda</Make>
		<Year>2018</Year>
		<Color>white</Color>
		<EngineSize>1.8</EngineSize>
		<Price>40410</Price>
		<Dealer>New West Autos</Dealer>
	</Car>
	<Car>
		<Make>Mercedes-Benz</Make>
		<Year>2013</Year>
		<Color>green</Color>
		<EngineSize>2.0</EngineSize>
		<Price>41386</Price>
		<Dealer>Dueck</Dealer>
	</Car>
	<Car>
		<Make>Subaru</Make>
		<Year>2012</Year>
		<Color>silver</Color>
		<EngineSize>2.0</EngineSize>
		<Price>36835</Price>
		<Dealer>Dueck</Dealer>
	</Car>
	<Car>
		<Make>Ford</Make>
		<Year>2017</Year>
		<Color>green</Color>
		<EngineSize>2.5</EngineSize>
		<Price>29097</Price>
		<Dealer>RideAway</Dealer>
	</Car>
	<Car>
		<Make>Lexus</Make>
		<Year>2011</Year>
		<Color>blue</Color>
		<EngineSize>2.0</EngineSize>
		<Price>20409</Price>
		<Dealer>Dueck</Dealer>
	</Car>
	<Car>
		<Make>Porsche</Make>
		<Year>2016</Year>
		<Color>blue</Color>
		<EngineSize>1.8</EngineSize>
		<Price>20534</Price>
		<Dealer>Dueck</Dealer>
	</Car>
	<Car>
		<Make>Subaru</Make>
		<Year>2012</Year>
		<Color>white</Color>
		<EngineSize>2.5</EngineSize>
		<Price>25348</Price>
		<Dealer>Dueck</Dealer>
	</Car>
	<Car>
		<Make>Subaru</Make>
		<Year>2013</Year>
		<Color>green</Color>
		<EngineSize>1.8</EngineSize>
		<Price>37757</Price>
		<Dealer>OpenRoad</Dealer>
	</Car>
	<Car>
		<Make>Chevrolet</Make>
		<Year>2016</Year>
		<Color>green</Color>
		<EngineSize>1.8</EngineSize>
		<Price>36326</Price>
		<Dealer>Dueck</Dealer>
	</Car>
	<Car>
		<Make>Subaru</Make>
		<Year>2011</Year>
		<Color>black</Color>
		<EngineSize>1.6</EngineSize>
		<Price>27324</Price>
		<Dealer>OpenRoad</Dealer>
	</Car>
	<Car>
		<Make>Audi</Make>
		<Year>2018</Year>
		<Color>green</Color>
		<EngineSize>1.6</EngineSize>
		<Price>25318</Price>
		<Dealer>RideAway</Dealer>
	</Car>
	<Car>
		<Make>Hyundai</Make>
		<Year>2014</Year>
		<Color>silver</Color>
		<EngineSize>2.0</EngineSize>
		<Price>42014</Price>
		<Dealer>OpenRoad</Dealer>
	</Car>
	<Car>
		<Make>Subaru</Make>
		<Year>2018</Year>
		<Color>green</Color>
		<EngineSize>3.0</EngineSize>
		<Price>45215</Price>
		<Dealer>New West Autos</Dealer>
	</Car>
	<Car>
		<Make>Fiat</Make>
		<Year>2016</Year>
		<Color>white</Color>
		<EngineSize>2.0</EngineSize>
		<Price>46710</Price>
		<Dealer>Dueck</Dealer>
	</Car>
	<Car>
		<Make>Volvo</Make>
		<Year>2011</Year>
		<Color>black</Color>
		<EngineSize>3.0</EngineSize>
		<Price>31339</Price>
		<Dealer>New West Autos</Dealer>
	</Car>
	<Car>
		<Make>Nissan</Make>
		<Year>2017</Year>
		<Color>silver</Color>
		<EngineSize>2.5</EngineSize>
		<Price>27447</Price>
		<Dealer>New West Autos</Dealer>
	</Car>
	<Car>
		<Make>Lexus</Make>
		<Year>2017</Year>
		<Color>gray</Color>
		<EngineSize>2.0</EngineSize>
		<Price>24305</Price>
		<Dealer>OpenRoad</Dealer>
	</Car>
	<Car>
		<Make>Volvo</Make>
		<Year>2011</Year>
		<Color>silver</Color>
		<EngineSize>1.6</EngineSize>
		<Price>20703</Price>
		<Dealer>New West Autos</Dealer>
	</Car>
	<Car>
		<Make>Volkswagen</Make>
		<Year>2012</Year>
		<Color>black</Color>
		<EngineSize>1.8</EngineSize>
		<Price>44590</Price>
		<Dealer>Dueck</Dealer>
	</Car>
	<Car>
		<Make>Fiat</Make>
		<Year>2011</Year>
		<Color>blue</Color>
		<EngineSize>2.0</EngineSize>
		<Price>28282</Price>
		<Dealer>OpenRoad</Dealer>
	</Car>
	<Car>
		<Make>Chevrolet</Make>
		<Year>2017</Year>
		<Color>blue</Color>
		<EngineSize>1.8</EngineSize>
		<Price>35885</Price>
		<Dealer>Dueck</Dealer>
	</Car>
	<Car>
		<Make>BMW</Make>
		<Year>2016</Year>
		<Color>green</Color>
		<EngineSize>2.5</EngineSize>
		<Price>30044</Price>
		<Dealer>OpenRoad</Dealer>
	</Car>
	<Car>
		<Make>Porsche</Make>
		<Year>2012</Year>
		<Color>green</Color>
		<EngineSize>1.6</EngineSize>
		<Price>31763</Price>
		<Dealer>Pattison</Dealer>
	</Car>
	<Car>
		<Make>Kia</Make>
		<Year>2015</Year>
		<Color>red</Color>
		<EngineSize>2.5</EngineSize>
		<Price>20859</Price>
		<Dealer>Pattison</Dealer>
	</Car>
	<Car>
		<Make>Ford</Make>
		<Year>2011</Year>
		<Color>blue</Color>
		<EngineSize>2.0</EngineSize>
		<Price>36214</Price>
		<Dealer>Dueck</Dealer>
	</Car>
	<Car>
		<Make>Hyundai</Make>
		<Year>2013</Year>
		<Color>red</Color>
		<EngineSize>2.0</EngineSize>
		<Price>44792</Price>
		<Dealer>New West Autos</Dealer>
	</Car>
	<Car>
		<Make>Kia</Make>
		<Year>2018</Year>
		<Color>green</Color>
		<EngineSize>1.4</EngineSize>
		<Price>20290</Price>
		<Dealer>Dueck</Dealer>
	</Car>
	<Car>
		<Make>Volkswagen</Make>
		<Year>2016</Year>
		<Color>red</Color>
		<EngineSize>2.0</EngineSize>
		<Price>33307</Price>
		<Dealer>New West Autos</Dealer>
	</Car>
	<Car>
		<Make>Chevrolet</Make>
		<Year>2016</Year>
		<Color>black</Color>
		<EngineSize>2.0</EngineSize>
		<Price>35803</Price>
		<Dealer>Pattison</Dealer>
	</Car>
	<Car>
		<Make>Subaru</Make>
		<Year>2011</Year>
		<Color>black</Color>
		<EngineSize>1.4</EngineSize>
		<Price>43480</Price>
		<Dealer>Dueck</Dealer>
	</Car>
	<Car>
		<Make>Lexus</Make>
		<Year>2013</Year>
		<Color>gray</Color>
		<EngineSize>2.0</EngineSize>
		<Price>26338</Price>
		<Dealer>New West Autos</Dealer>
	</Car>
	<Car>
		<Make>Audi</Make>
		<Year>2016</Year>
		<Color>gray</Color>
		<EngineSize>1.8</EngineSize>
		<Price>28690</Price>
		<Dealer>Pattison</Dealer>
	</Car>
	<Car>
		<Make>Kia</Make>
		<Year>2014</Year>
		<Color>red</Color>
		<EngineSize>2.5</EngineSize>
		<Price>31456</Price>
		<Dealer>New West Autos</Dealer>
	</Car>
	<Car>
		<Make>Fiat</Make>
		<Year>2013</Year>
		<Color>green</Color>
		<EngineSize>2.5</EngineSize>
		<Price>42769</Price>
		<Dealer>New West Autos</Dealer>
	</Car>
	<Car>
		<Make>Toyota</Make>
		<Year>2012</Year>
		<Color>red</Color>
		<EngineSize>2.5</EngineSize>
		<Price>37863</Price>
		<Dealer>Dueck</Dealer>
	</Car>
	<Car>
		<Make>Volkswagen</Make>
		<Year>2016</Year>
		<Color>white</Color>
		<EngineSize>1.4</EngineSize>
		<Price>36295</Price>
		<Dealer>OpenRoad</Dealer>
	</Car>
	<Car>
		<Make>Honda</Make>
		<Year>2013</Year>
		<Color>gray</Color>
		<EngineSize>1.6</EngineSize>
		<Price>46064</Price>
		<Dealer>New West Autos</Dealer>
	</Car>
	<Car>
		<Make>Fiat</Make>
		<Year>2018</Year>
		<Color>blue</Color>
		<EngineSize>1.6</EngineSize>
		<Price>23529</Price>
		<Dealer>RideAway</Dealer>
	</Car>
	<Car>
		<Make>Fiat</Make>
		<Year>2013</Year>
		<Color>white</Color>
		<EngineSize>1.8</EngineSize>
		<Price>34745</Price>
		<Dealer>RideAway</Dealer>
	</Car>
	<Car>
		<Make>Nissan</Make>
		<Year>2011</Year>
		<Color>blue</Color>
		<EngineSize>1.6</EngineSize>
		<Price>34794</Price>
		<Dealer>OpenRoad</Dealer>
	</Car>
	<Car>
		<Make>Honda</Make>
		<Year>2012</Year>
		<Color>silver</Color>
		<EngineSize>1.8</EngineSize>
		<Price>46920</Price>
		<Dealer>OpenRoad</Dealer>
	</Car>
	<Car>
		<Make>Fiat</Make>
		<Year>2016</Year>
		<Color>black</Color>
		<EngineSize>2.0</EngineSize>
		<Price>29821</Price>
		<Dealer>Dueck</Dealer>
	</Car>
	<Car>
		<Make>Lexus</Make>
		<Year>2012</Year>
		<Color>white</Color>
		<EngineSize>2.0</EngineSize>
		<Price>45960</Price>
		<Dealer>Pattison</Dealer>
	</Car>
	<Car>
		<Make>Audi</Make>
		<Year>2018</Year>
		<Color>white</Color>
		<EngineSize>1.6</EngineSize>
		<Price>27535</Price>
		<Dealer>OpenRoad</Dealer>
	</Car>
	<Car>
		<Make>Nissan</Make>
		<Year>2018</Year>
		<Color>black</Color>
		<EngineSize>2.0</EngineSize>
		<Price>39331</Price>
		<Dealer>RideAway</Dealer>
	</Car>
	<Car>
		<Make>Mercedes-Benz</Make>
		<Year>2018</Year>
		<Color>red</Color>
		<EngineSize>1.6</EngineSize>
		<Price>35200</Price>
		<Dealer>RideAway</Dealer>
	</Car>
	<Car>
		<Make>BMW</Make>
		<Year>2013</Year>
		<Color>blue</Color>
		<EngineSize>2.0</EngineSize>
		<Price>22127</Price>
		<Dealer>OpenRoad</Dealer>
	</Car>
	<Car>
		<Make>Subaru</Make>
		<Year>2014</Year>
		<Color>white</Color>
		<EngineSize>2.5</EngineSize>
		<Price>29339</Price>
		<Dealer>New West Autos</Dealer>
	</Car>
	<Car>
		<Make>Ford</Make>
		<Year>2015</Year>
		<Color>gray</Color>
		<EngineSize>3.0</EngineSize>
		<Price>36158</Price>
		<Dealer>Pattison</Dealer>
	</Car>
	<Car>
		<Make>Volvo</Make>
		<Year>2014</Year>
		<Color>gray</Color>
		<EngineSize>3.0</EngineSize>
		<Price>40563</Price>
		<Dealer>Pattison</Dealer>
	</Car>
	<Car>
		<Make>Nissan</Make>
		<Year>2015</Year>
		<Color>black</Color>
		<EngineSize>2.0</EngineSize>
		<Price>30907</Price>
		<Dealer>Dueck</Dealer>
	</Car>
	<Car>
		<Make>Lexus</Make>
		<Year>2017</Year>
		<Color>green</Color>
		<EngineSize>3.0</EngineSize>
		<Price>49484</Price>
		<Dealer>OpenRoad</Dealer>
	</Car>
	<Car>
		<Make>BMW</Make>
		<Year>2011</Year>
		<Color>blue</Color>
		<EngineSize>2.0</EngineSize>
		<Price>37192</Price>
		<Dealer>New West Autos</Dealer>
	</Car>
	<Car>
		<Make>Audi</Make>
		<Year>2012</Year>
		<Color>silver</Color>
		<EngineSize>1.8</EngineSize>
		<Price>37442</Price>
		<Dealer>Dueck</Dealer>
	</Car>
	<Car>
		<Make>Mercedes-Benz</Make>
		<Year>2011</Year>
		<Color>green</Color>
		<EngineSize>2.5</EngineSize>
		<Price>46866</Price>
		<Dealer>Dueck</Dealer>
	</Car>
	<Car>
		<Make>Porsche</Make>
		<Year>2014</Year>
		<Color>blue</Color>
		<EngineSize>3.0</EngineSize>
		<Price>49377</Price>
		<Dealer>Pattison</Dealer>
	</Car>
	<Car>
		<Make>Toyota</Make>
		<Year>2013</Year>
		<Color>silver</Color>
		<EngineSize>1.6</EngineSize>
		<Price>47433</Price>
		<Dealer>OpenRoad</Dealer>
	</Car>
	<Car>
		<Make>Hyundai</Make>
		<Year>2018</Year>
		<Color>green</Color>
		<EngineSize>3.0</EngineSize>
		<Price>35476</Price>
		<Dealer>RideAway</Dealer>
	</Car>
	<Car>
		<Make>Kia</Make>
		<Year>2015</Year>
		<Color>silver</Color>
		<EngineSize>1.6</EngineSize>
		<Price>45129</Price>
		<Dealer>Dueck</Dealer>
	</Car>
	<Car>
		<Make>Ford</Make>
		<Year>2015</Year>
		<Color>gray</Color>
		<EngineSize>1.4</EngineSize>
		<Price>35658</Price>
		<Dealer>Pattison</Dealer>
	</Car>
	<Car>
		<Make>Honda</Make>
		<Year>2011</Year>
		<Color>silver</Color>
		<EngineSize>1.4</EngineSize>
		<Price>26708</Price>
		<Dealer>New West Autos</Dealer>
	</Car>
	<Car>
		<Make>Volkswagen</Make>
		<Year>2012</Year>
		<Color>gray</Color>
		<EngineSize>1.8</EngineSize>
		<Price>48664</Price>
		<Dealer>Dueck</Dealer>
	</Car>
	<Car>
		<Make>Porsche</Make>
		<Year>2012</Year>
		<Color>black</Color>
		<EngineSize>1.4</EngineSize>
		<Price>43065</Price>
		<Dealer>Pattison</Dealer>
	</Car>
	<Car>
		<Make>Porsche</Make>
		<Year>2018</Year>
		<Color>silver</Color>
		<EngineSize>1.8</EngineSize>
		<Price>34390</Price>
		<Dealer>RideAway</Dealer>
	</Car>
	<Car>
		<Make>Mazda</Make>
		<Year>2017</Year>
		<Color>black</Color>
		<EngineSize>2.5</EngineSize>
		<Price>33663</Price>
		<Dealer>Pattison</Dealer>
	</Car>
	<Car>
		<Make>Volvo</Make>
		<Year>2016</Year>
		<Color>blue</Color>
		<EngineSize>1.4</EngineSize>
		<Price>45147</Price>
		<Dealer>RideAway</Dealer>
	</Car>
	<Car>
		<Make>Audi</Make>
		<Year>2014</Year>
		<Color>green</Color>
		<EngineSize>1.6</EngineSize>
		<Price>32302</Price>
		<Dealer>OpenRoad</Dealer>
	</Car>
	<Car>
		<Make>BMW</Make>
		<Year>2018</Year>
		<Color>blue</Color>
		<EngineSize>1.4</EngineSize>
		<Price>22779</Price>
		<Dealer>New West Autos</Dealer>
	</Car>
	<Car>
		<Make>Nissan</Make>
		<Year>2013</Year>
		<Color>gray</Color>
		<EngineSize>1.4</EngineSize>
		<Price>20404</Price>
		<Dealer>New West Autos</Dealer>
	</Car>
	<Car>
		<Make>Mazda</Make>
		<Year>2018</Year>
		<Color>silver</Color>
		<EngineSize>2.0</EngineSize>
		<Price>24495</Price>
		<Dealer>OpenRoad</Dealer>
	</Car>
	<Car>
		<Make>Fiat</Make>
		<Year>2018</Year>
		<Color>silver</Color>
		<EngineSize>1.6</EngineSize>
		<Price>42286</Price>
		<Dealer>OpenRoad</Dealer>
	</Car>
	<Car>
		<Make>Mercedes-Benz</Make>
		<Year>2014</Year>
		<Color>green</Color>
		<EngineSize>2.0</EngineSize>
		<Price>28940</Price>
		<Dealer>New West Autos</Dealer>
	</Car>
	<Car>
		<Make>BMW</Make>
		<Year>2013</Year>
		<Color>red</Color>
		<EngineSize>1.4</EngineSize>
		<Price>24062</Price>
		<Dealer>OpenRoad</Dealer>
	</Car>
	<Car>
		<Make>Honda</Make>
		<Year>2014</Year>
		<Color>blue</Color>
		<EngineSize>1.6</EngineSize>
		<Price>25352</Price>
		<Dealer>Dueck</Dealer>
	</Car>
	<Car>
		<Make>Porsche</Make>
		<Year>2013</Year>
		<Color>black</Color>
		<EngineSize>1.8</EngineSize>
		<Price>33848</Price>
		<Dealer>Pattison</Dealer>
	</Car>
	<Car>
		<Make>BMW</Make>
		<Year>2013</Year>
		<Color>black</Color>
		<EngineSize>2.5</EngineSize>
		<Price>27027</Price>
		<Dealer>RideAway</Dealer>
	</Car>
	<Car>
		<Make>Chevrolet</Make>
		<Year>2012</Year>
		<Color>blue</Color>
		<EngineSize>2.0</EngineSize>
		<Price>28622</Price>
		<Dealer>Dueck</Dealer>
	</Car>
	<Car>
		<Make>Chevrolet</Make>
		<Year>2014</Year>
		<Color>white</Color>
		<EngineSize>1.4</EngineSize>
		<Price>49841</Price>
		<Dealer>RideAway</Dealer>
	</Car>
	<Car>
		<Make>Toyota</Make>
		<Year>2018</Year>
		<Color>silver</Color>
		<EngineSize>3.0</EngineSize>
		<Price>34027</Price>
		<Dealer>Pattison</Dealer>
	</Car>
	<Car>
		<Make>Subaru</Make>
		<Year>2015</Year>
		<Color>green</Color>
		<EngineSize>1.6</EngineSize>
		<Price>21989</Price>
		<Dealer>New West Autos</Dealer>
	</Car>
	<Car>
		<Make>Nissan</Make>
		<Year>2015</Year>
		<Color>silver</Color>
		<EngineSize>2.5</EngineSize>
		<Price>29902</Price>
		<Dealer>Pattison</Dealer>
	</Car>
	<Car>
		<Make>Fiat</Make>
		<Year>2015</Year>
		<Color>silver</Color>
		<EngineSize>1.6</EngineSize>
		<Price>31389</Price>
		<Dealer>OpenRoad</Dealer>
	</Car>
	<Car>
		<Make>Audi</Make>
		<Year>2017</Year>
		<Color>white</Color>
		<EngineSize>2.0</EngineSize>
		<Price>23125</Price>
		<Dealer>Pattison</Dealer>
	</Car>
	<Car>
		<Make>Nissan</Make>
		<Year>2018</Year>
		<Color>silver</Color>
		<EngineSize>1.6</EngineSize>
		<Price>24329</Price>
		<Dealer>Dueck</Dealer>
	</Car>
	<Car>
		<Make>Subaru</Make>
		<Year>2016</Year>
		<Color>green</Color>
		<EngineSize>2.0</EngineSize>
		<Price>27128</Price>
		<Dealer>New West Autos</Dealer>
	</Car>
	<Car>
		<Make>Porsche</Make>
		<Year>2011</Year>
		<Color>gray</Color>
		<EngineSize>2.0</EngineSize>
		<Price>37596</Price>
		<Dealer>New West Autos</Dealer>
	</Car>
	<Car>
		<Make>Mazda</Make>
		<Year>2012</Year>
		<Color>black</Color>
		<EngineSize>2.0</EngineSize>
		<Price>29576</Price>
		<Dealer>Pattison</Dealer>
	</Car>
	<Car>
		<Make>Subaru</Make>
		<Year>2018</Year>
		<Color>blue</Color>
		<EngineSize>1.8</EngineSize>
		<Price>43382</Price>
		<Dealer>OpenRoad</Dealer>
	</Car>
	<Car>
		<Make>Nissan</Make>
		<Year>2011</Year>
		<Color>white</Color>
		<EngineSize>2.5</EngineSize>
		<Price>34653</Price>
		<Dealer>Dueck</Dealer>
	</Car>
	<Car>
		<Make>Volvo</Make>
		<Year>2014</Year>
		<Color>silver</Color>
		<EngineSize>1.6</EngineSize>
		<Price>43061</Price>
		<Dealer>New West Autos</Dealer>
	</Car>
	<Car>
		<Make>Chevrolet</Make>
		<Year>2013</Year>
		<Color>black</Color>
		<EngineSize>1.6</EngineSize>
		<Price>24835</Price>
		<Dealer>New West Autos</Dealer>
	</Car>
	<Car>
		<Make>BMW</Make>
		<Year>2015</Year>
		<Color>silver</Color>
		<EngineSize>3.0</EngineSize>
		<Price>47445</Price>
		<Dealer>New West Autos</Dealer>
	</Car>
	<Car>
		<Make>Toyota</Make>
		<Year>2017</Year>
		<Color>white</Color>
		<EngineSize>2.0</EngineSize>
		<Price>41561</Price>
		<Dealer>New West Autos</Dealer>
	</Car>
	<Car>
		<Make>BMW</Make>
		<Year>2016</Year>
		<Color>blue</Color>
		<EngineSize>3.0</EngineSize>
		<Price>39829</Price>
		<Dealer>Dueck</Dealer>
	</Car>
	<Car>
		<Make>Ford</Make>
		<Year>2012</Year>
		<Color>green</Color>
		<EngineSize>3.0</EngineSize>
		<Price>46423</Price>
		<Dealer>Pattison</Dealer>
	</Car>
	<Car>
		<Make>Toyota</Make>
		<Year>2012</Year>
		<Color>silver</Color>
		<EngineSize>2.0</EngineSize>
		<Price>35767</Price>
		<Dealer>OpenRoad</Dealer>
	</Car>
	<Car>
		<Make>Volvo</Make>
		<Year>2011</Year>
		<Color>red</Color>
		<EngineSize>1.8</EngineSize>
		<Price>23382</Price>
		<Dealer>RideAway</Dealer>
	</Car>
	<Car>
		<Make>Lexus</Make>
		<Year>2017</Year>
		<Color>gray</Color>
		<EngineSize>3.0</EngineSize>
		<Price>30078</Price>
		<Dealer>OpenRoad</Dealer>
	</Car>
	<Car>
		<Make>Lexus</Make>
		<Year>2017</Year>
		<Color>silver</Color>
		<EngineSize>1.4</EngineSize>
		<Price>37566</Price>
		<Dealer>OpenRoad</Dealer>
	</Car>
	<Car>
		<Make>Mercedes-Benz</Make>
		<Year>2017</Year>
		<Color>white</Color>
		<EngineSize>2.0</EngineSize>
		<Price>28273</Price>
		<Dealer>Dueck</Dealer>
	</Car>
	<Car>
		<Make>Honda</Make>
		<Year>2017</Year>
		<Color>blue</Color>
		<EngineSize>1.6</EngineSize>
		<Price>26864</Price>
		<Dealer>New West Autos</Dealer>
	</Car>
	<Car>
		<Make>Audi</Make>
		<Year>2014</Year>
		<Color>green</Color>
		<EngineSize>1.8</EngineSize>
		<Price>48808</Price>
		<Dealer>OpenRoad</Dealer>
	</Car>
	<Car>
		<Make>Chevrolet</Make>
		<Year>2016</Year>
		<Color>black</Color>
		<EngineSize>1.6</EngineSize>
		<Price>21081</Price>
		<Dealer>Pattison</Dealer>
	</Car>
	<Car>
		<Make>Volkswagen</Make>
		<Year>2018</Year>
		<Color>red</Color>
		<EngineSize>1.8</EngineSize>
		<Price>25853</Price>
		<Dealer>New West Autos</Dealer>
	</Car>
	<Car>
		<Make>Hyundai</Make>
		<Year>2011</Year>
		<Color>red</Color>
		<EngineSize>2.0</EngineSize>
		<Price>25783</Price>
		<Dealer>New West Autos</Dealer>
	</Car>
	<Car>
		<Make>Toyota</Make>
		<Year>2013</Year>
		<Color>red</Color>
		<EngineSize>1.4</EngineSize>
		<Price>35363</Price>
		<Dealer>Pattison</Dealer>
	</Car>
	<Car>
		<Make>Honda</Make>
		<Year>2011</Year>
		<Color>gray</Color>
		<EngineSize>3.0</EngineSize>
		<Price>26952</Price>
		<Dealer>Dueck</Dealer>
	</Car>
	<Car>
		<Make>Lexus</Make>
		<Year>2011</Year>
		<Color>red</Color>
		<EngineSize>2.0</EngineSize>
		<Price>48541</Price>
		<Dealer>Pattison</Dealer>
	</Car>
	<Car>
		<Make>Ford</Make>
		<Year>2017</Year>
		<Color>silver</Color>
		<EngineSize>2.0</EngineSize>
		<Price>33793</Price>
		<Dealer>OpenRoad</Dealer>
	</Car>
	<Car>
		<Make>Nissan</Make>
		<Year>2017</Year>
		<Color>red</Color>
		<EngineSize>2.0</EngineSize>
		<Price>36578</Price>
		<Dealer>RideAway</Dealer>
	</Car>
	<Car>
		<Make>Porsche</Make>
		<Year>2018</Year>
		<Color>red</Color>
		<EngineSize>1.6</EngineSize>
		<Price>30594</Price>
		<Dealer>Pattison</Dealer>
	</Car>
	<Car>
		<Make>Nissan</Make>
		<Year>2018</Year>
		<Color>white</Color>
		<EngineSize>1.8</EngineSize>
		<Price>26988</Price>
		<Dealer>OpenRoad</Dealer>
	</Car>
	<Car>
		<Make>Honda</Make>
		<Year>2014</Year>
		<Color>silver</Color>
		<EngineSize>1.6</EngineSize>
		<Price>30552</Price>
		<Dealer>OpenRoad</Dealer>
	</Car>
	<Car>
		<Make>Toyota</Make>
		<Year>2011</Year>
		<Color>white</Color>
		<EngineSize>1.8</EngineSize>
		<Price>39672</Price>
		<Dealer>OpenRoad</Dealer>
	</Car>
	<Car>
		<Make>Nissan</Make>
		<Year>2013</Year>
		<Color>gray</Color>
		<EngineSize>1.6</EngineSize>
		<Price>31182</Price>
		<Dealer>OpenRoad</Dealer>
	</Car>
	<Car>
		<Make>Mercedes-Benz</Make>
		<Year>2014</Year>
		<Color>white</Color>
		<EngineSize>1.6</EngineSize>
		<Price>33742</Price>
		<Dealer>Dueck</Dealer>
	</Car>
	<Car>
		<Make>Lexus</Make>
		<Year>2018</Year>
		<Color>silver</Color>
		<EngineSize>3.0</EngineSize>
		<Price>38125</Price>
		<Dealer>Pattison</Dealer>
	</Car>
	<Car>
		<Make>Chevrolet</Make>
		<Year>2016</Year>
		<Color>black</Color>
		<EngineSize>1.8</EngineSize>
		<Price>27629</Price>
		<Dealer>New West Autos</Dealer>
	</Car>
	<Car>
		<Make>Lexus</Make>
		<Year>2014</Year>
		<Color>silver</Color>
		<EngineSize>1.6</EngineSize>
		<Price>21441</Price>
		<Dealer>Pattison</Dealer>
	</Car>
	<Car>
		<Make>Audi</Make>
		<Year>2011</Year>
		<Color>blue</Color>
		<EngineSize>1.4</EngineSize>
		<Price>46073</Price>
		<Dealer>New West Autos</Dealer>
	</Car>
	<Car>
		<Make>Nissan</Make>
		<Year>2014</Year>
		<Color>gray</Color>
		<EngineSize>2.5</EngineSize>
		<Price>48140</Price>
		<Dealer>RideAway</Dealer>
	</Car>
	<Car>
		<Make>Fiat</Make>
		<Year>2016</Year>
		<Color>blue</Color>
		<EngineSize>2.0</EngineSize>
		<Price>26329</Price>
		<Dealer>New West Autos</Dealer>
	</Car>
	<Car>
		<Make>Volvo</Make>
		<Year>2014</Year>
		<Color>black</Color>
		<EngineSize>1.4</EngineSize>
		<Price>20788</Price>
		<Dealer>OpenRoad</Dealer>
	</Car>
	<Car>
		<Make>Honda</Make>
		<Year>2016</Year>
		<Color>white</Color>
		<EngineSize>2.0</EngineSize>
		<Price>47008</Price>
		<Dealer>New West Autos</Dealer>
	</Car>
	<Car>
		<Make>Porsche</Make>
		<Year>2011</Year>
		<Color>black</Color>
		<EngineSize>1.4</EngineSize>
		<Price>33465</Price>
		<Dealer>RideAway</Dealer>
	</Car>
	<Car>
		<Make>Honda</Make>
		<Year>2011</Year>
		<Color>gray</Color>
		<EngineSize>2.5</EngineSize>
		<Price>46305</Price>
		<Dealer>OpenRoad</Dealer>
	</Car>
	<Car>
		<Make>Volkswagen</Make>
		<Year>2015</Year>
		<Color>black</Color>
		<EngineSize>1.6</EngineSize>
		<Price>49653</Price>
		<Dealer>OpenRoad</Dealer>
	</Car>
	<Car>
		<Make>Honda</Make>
		<Year>2018</Year>
		<Color>gray</Color>
		<EngineSize>1.4</EngineSize>
		<Price>21621</Price>
		<Dealer>New West Autos</Dealer>
	</Car>
	<Car>
		<Make>Ford</Make>
		<Year>2016</Year>
		<Color>green</Color>
		<EngineSize>2.5</EngineSize>
		<Price>41429</Price>
		<Dealer>RideAway</Dealer>
	</Car>
	<Car>
		<Make>Lexus</Make>
		<Year>2015</Year>
		<Color>gray</Color>
		<EngineSize>1.8</EngineSize>
		<Price>46327</Price>
		<Dealer>RideAway</Dealer>
	</Car>
	<Car>
		<Make>Chevrolet</Make>
		<Year>2012</Year>
		<Color>white</Color>
		<EngineSize>2.0</EngineSize>
		<Price>22284</Price>
		<Dealer>Dueck</Dealer>
	</Car>
	<Car>
		<Make>Audi</Make>
		<Year>2016</Year>
		<Color>white</Color>
		<EngineSize>1.4</EngineSize>
		<Price>33503</Price>
		<Dealer>Dueck</Dealer>
	</Car>
	<Car>
		<Make>Subaru</Make>
		<Year>2015</Year>
		<Color>blue</Color>
		<EngineSize>1.8</EngineSize>
		<Price>21388</Price>
		<Dealer>New West Autos</Dealer>
	</Car>
	<Car>
		<Make>BMW</Make>
		<Year>2016</Year>
		<Color>red</Color>
		<EngineSize>3.0</EngineSize>
		<Price>47625</Price>
		<Dealer>New West Autos</Dealer>
	</Car>
	<Car>
		<Make>Kia</Make>
		<Year>2018</Year>
		<Color>black</Color>
		<EngineSize>1.4</EngineSize>
		<Price>47159</Price>
		<Dealer>Dueck</Dealer>
	</Car>
	<Car>
		<Make>Hyundai</Make>
		<Year>2017</Year>
		<Color>black</Color>
		<EngineSize>1.4</EngineSize>
		<Price>45460</Price>
		<Dealer>RideAway</Dealer>
	</Car>
	<Car>
		<Make>Toyota</Make>
		<Year>2013</Year>
		<Color>red</Color>
		<EngineSize>3.0</EngineSize>
		<Price>45214</Price>
		<Dealer>New West Autos</Dealer>
	</Car>
	<Car>
		<Make>Porsche</Make>
		<Year>2014</Year>
		<Color>blue</Color>
		<EngineSize>1.8</EngineSize>
		<Price>41012</Price>
		<Dealer>Pattison</Dealer>
	</Car>
	<Car>
		<Make>Nissan</Make>
		<Year>2013</Year>
		<Color>silver</Color>
		<EngineSize>1.4</EngineSize>
		<Price>28054</Price>
		<Dealer>OpenRoad</Dealer>
	</Car>
	<Car>
		<Make>Volkswagen</Make>
		<Year>2011</Year>
		<Color>white</Color>
		<EngineSize>1.8</EngineSize>
		<Price>42799</Price>
		<Dealer>New West Autos</Dealer>
	</Car>
	<Car>
		<Make>Toyota</Make>
		<Year>2018</Year>
		<Color>gray</Color>
		<EngineSize>2.0</EngineSize>
		<Price>25944</Price>
		<Dealer>New West Autos</Dealer>
	</Car>
	<Car>
		<Make>Honda</Make>
		<Year>2013</Year>
		<Color>black</Color>
		<EngineSize>1.8</EngineSize>
		<Price>43009</Price>
		<Dealer>Dueck</Dealer>
	</Car>
	<Car>
		<Make>Subaru</Make>
		<Year>2011</Year>
		<Color>red</Color>
		<EngineSize>1.6</EngineSize>
		<Price>44026</Price>
		<Dealer>Pattison</Dealer>
	</Car>
	<Car>
		<Make>Volvo</Make>
		<Year>2018</Year>
		<Color>blue</Color>
		<EngineSize>2.0</EngineSize>
		<Price>21801</Price>
		<Dealer>Pattison</Dealer>
	</Car>
	<Car>
		<Make>Ford</Make>
		<Year>2012</Year>
		<Color>blue</Color>
		<EngineSize>1.6</EngineSize>
		<Price>43398</Price>
		<Dealer>Dueck</Dealer>
	</Car>
	<Car>
		<Make>Chevrolet</Make>
		<Year>2017</Year>
		<Color>silver</Color>
		<EngineSize>3.0</EngineSize>
		<Price>27547</Price>
		<Dealer>RideAway</Dealer>
	</Car>
	<Car>
		<Make>Audi</Make>
		<Year>2018</Year>
		<Color>white</Color>
		<EngineSize>1.4</EngineSize>
		<Price>32903</Price>
		<Dealer>Dueck</Dealer>
	</Car>
	<Car>
		<Make>Audi</Make>
		<Year>2011</Year>
		<Color>red</Color>
		<EngineSize>2.5</EngineSize>
		<Price>35274</Price>
		<Dealer>Pattison</Dealer>
	</Car>
	<Car>
		<Make>Subaru</Make>
		<Year>2016</Year>
		<Color>red</Color>
		<EngineSize>1.4</EngineSize>
		<Price>26922</Price>
		<Dealer>RideAway</Dealer>
	</Car>
	<Car>
		<Make>Audi</Make>
		<Year>2011</Year>
		<Color>white</Color>
		<EngineSize>2.5</EngineSize>
		<Price>31925</Price>
		<Dealer>OpenRoad</Dealer>
	</Car>
	<Car>
		<Make>Ford</Make>
		<Year>2011</Year>
		<Color>blue</Color>
		<EngineSize>1.6</EngineSize>
		<Price>20071</Price>
		<Dealer>Pattison</Dealer>
	</Car>
	<Car>
		<Make>Nissan</Make>
		<Year>2017</Year>
		<Color>white</Color>
		<EngineSize>1.6</EngineSize>
		<Price>21254</Price>
		<Dealer>OpenRoad</Dealer>
	</Car>
	<Car>
		<Make>Audi</Make>
		<Year>2014</Year>
		<Color>red</Color>
		<EngineSize>2.0</EngineSize>
		<Price>28522</Price>
		<Dealer>Dueck</Dealer>
	</Car>
	<Car>
		<Make>Chevrolet</Make>
		<Year>2012</Year>
		<Color>red</Color>
		<EngineSize>3.0</EngineSize>
		<Price>26935</Price>
		<Dealer>Pattison</Dealer>
	</Car>
	<Car>
		<Make>Mazda</Make>
		<Year>2018</Year>
		<Color>green</Color>
		<EngineSize>2.0</EngineSize>
		<Price>36671</Price>
		<Dealer>Pattison</Dealer>
	</Car>
	<Car>
		<Make>Nissan</Make>
		<Year>2017</Year>
		<Color>silver</Color>
		<EngineSize>1.4</EngineSize>
		<Price>25264</Price>
		<Dealer>Dueck</Dealer>
	</Car>
	<Car>
		<Make>BMW</Make>
		<Year>2012</Year>
		<Color>white</Color>
		<EngineSize>2.5</EngineSize>
		<Price>47497</Price>
		<Dealer>Dueck</Dealer>
	</Car>
	<Car>
		<Make>Mercedes-Benz</Make>
		<Year>2013</Year>
		<Color>red</Color>
		<EngineSize>1.6</EngineSize>
		<Price>31623</Price>
		<Dealer>OpenRoad</Dealer>
	</Car>
	<Car>
		<Make>Volkswagen</Make>
		<Year>2012</Year>
		<Color>gray</Color>
		<EngineSize>3.0</EngineSize>
		<Price>23396</Price>
		<Dealer>Pattison</Dealer>
	</Car>
	<Car>
		<Make>Nissan</Make>
		<Year>2017</Year>
		<Color>silver</Color>
		<EngineSize>3.0</EngineSize>
		<Price>29534</Price>
		<Dealer>OpenRoad</Dealer>
	</Car>
	<Car>
		<Make>Subaru</Make>
		<Year>2013</Year>
		<Color>silver</Color>
		<EngineSize>1.8</EngineSize>
		<Price>48155</Price>
		<Dealer>New West Autos</Dealer>
	</Car>
	<Car>
		<Make>Ford</Make>
		<Year>2012</Year>
		<Color>blue</Color>
		<EngineSize>1.4</EngineSize>
		<Price>36662</Price>
		<Dealer>New West Autos</Dealer>
	</Car>
	<Car>
		<Make>Audi</Make>
		<Year>2012</Year>
		<Color>silver</Color>
		<EngineSize>3.0</EngineSize>
		<Price>30709</Price>
		<Dealer>New West Autos</Dealer>
	</Car>
	<Car>
		<Make>Honda</Make>
		<Year>2014</Year>
		<Color>silver</Color>
		<EngineSize>2.5</EngineSize>
		<Price>45402</Price>
		<Dealer>Dueck</Dealer>
	</Car>
	<Car>
		<Make>Nissan</Make>
		<Year>2011</Year>
		<Color>white</Color>
		<EngineSize>1.6</EngineSize>
		<Price>41728</Price>
		<Dealer>Dueck</Dealer>
	</Car>
	<Car>
		<Make>Honda</Make>
		<Year>2016</Year>
		<Color>blue</Color>
		<EngineSize>2.5</EngineSize>
		<Price>28833</Price>
		<Dealer>OpenRoad</Dealer>
	</Car>
	<Car>
		<Make>Chevrolet</Make>
		<Year>2017</Year>
		<Color>blue</Color>
		<EngineSize>3.0</EngineSize>
		<Price>28781</Price>
		<Dealer>Pattison</Dealer>
	</Car>
	<Car>
		<Make>Toyota</Make>
		<Year>2015</Year>
		<Color>silver</Color>
		<EngineSize>2.0</EngineSize>
		<Price>24657</Price>
		<Dealer>Pattison</Dealer>
	</Car>
	<Car>
		<Make>Hyundai</Make>
		<Year>2014</Year>
		<Color>black</Color>
		<EngineSize>1.8</EngineSize>
		<Price>22971</Price>
		<Dealer>New West Autos</Dealer>
	</Car>
	<Car>
		<Make>BMW</Make>
		<Year>2015</Year>
		<Color>gray</Color>
		<EngineSize>1.4</EngineSize>
		<Price>32098</Price>
		<Dealer>New West Autos</Dealer>
	</Car>
	<Car>
		<Make>Mercedes-Benz</Make>
		<Year>2017</Year>
		<Color>green</Color>
		<EngineSize>1.8</EngineSize>
		<Price>35480</Price>
		<Dealer>New West Autos</Dealer>
	</Car>
	<Car>
		<Make>Mercedes-Benz</Make>
		<Year>2018</Year>
		<Color>black</Color>
		<EngineSize>3.0</EngineSize>
		<Price>26918</Price>
		<Dealer>Pattison</Dealer>
	</Car>
	<Car>
		<Make>Hyundai</Make>
		<Year>2017</Year>
		<Color>red</Color>
		<EngineSize>3.0</EngineSize>
		<Price>44323</Price>
		<Dealer>RideAway</Dealer>
	</Car>
	<Car>
		<Make>Volvo</Make>
		<Year>2014</Year>
		<Color>green</Color>
		<EngineSize>3.0</EngineSize>
		<Price>38878</Price>
		<Dealer>OpenRoad</Dealer>
	</Car>
	<Car>
		<Make>Kia</Make>
		<Year>2012</Year>
		<Color>green</Color>
		<EngineSize>1.8</EngineSize>
		<Price>45593</Price>
		<Dealer>RideAway</Dealer>
	</Car>
	<Car>
		<Make>Volkswagen</Make>
		<Year>2012</Year>
		<Color>gray</Color>
		<EngineSize>1.8</EngineSize>
		<Price>41920</Price>
		<Dealer>OpenRoad</Dealer>
	</Car>
	<Car>
		<Make>Fiat</Make>
		<Year>2013</Year>
		<Color>white</Color>
		<EngineSize>1.6</EngineSize>
		<Price>37710</Price>
		<Dealer>New West Autos</Dealer>
	</Car>
	<Car>
		<Make>Volvo</Make>
		<Year>2016</Year>
		<Color>gray</Color>
		<EngineSize>1.6</EngineSize>
		<Price>30087</Price>
		<Dealer>New West Autos</Dealer>
	</Car>
	<Car>
		<Make>Porsche</Make>
		<Year>2017</Year>
		<Color>red</Color>
		<EngineSize>2.0</EngineSize>
		<Price>46094</Price>
		<Dealer>Dueck</Dealer>
	</Car>
	<Car>
		<Make>Ford</Make>
		<Year>2011</Year>
		<Color>silver</Color>
		<EngineSize>3.0</EngineSize>
		<Price>38137</Price>
		<Dealer>OpenRoad</Dealer>
	</Car>
	<Car>
		<Make>Volkswagen</Make>
		<Year>2018</Year>
		<Color>gray</Color>
		<EngineSize>1.4</EngineSize>
		<Price>48850</Price>
		<Dealer>RideAway</Dealer>
	</Car>
	<Car>
		<Make>Volvo</Make>
		<Year>2011</Year>
		<Color>red</Color>
		<EngineSize>2.0</EngineSize>
		<Price>26011</Price>
		<Dealer>RideAway</Dealer>
	</Car>
	<Car>
		<Make>Toyota</Make>
		<Year>2018</Year>
		<Color>silver</Color>
		<EngineSize>2.5</EngineSize>
		<Price>45528</Price>
		<Dealer>New West Autos</Dealer>
	</Car>
	<Car>
		<Make>Mazda</Make>
		<Year>2012</Year>
		<Color>red</Color>
		<EngineSize>2.5</EngineSize>
		<Price>35066</Price>
		<Dealer>RideAway</Dealer>
	</Car>
	<Car>
		<Make>Lexus</Make>
		<Year>2011</Year>
		<Color>red</Color>
		<EngineSize>2.5</EngineSize>
		<Price>21976</Price>
		<Dealer>OpenRoad</Dealer>
	</Car>
	<Car>
		<Make>Chevrolet</Make>
		<Year>2011</Year>
		<Color>blue</Color>
		<EngineSize>1.8</EngineSize>
		<Price>46082</Price>
		<Dealer>OpenRoad</Dealer>
	</Car>
	<Car>
		<Make>Nissan</Make>
		<Year>2018</Year>
		<Color>red</Color>
		<EngineSize>1.6</EngineSize>
		<Price>37088</Price>
		<Dealer>Dueck</Dealer>
	</Car>
	<Car>
		<Make>Toyota</Make>
		<Year>2012</Year>
		<Color>gray</Color>
		<EngineSize>2.0</EngineSize>
		<Price>24187</Price>
		<Dealer>New West Autos</Dealer>
	</Car>
	<Car>
		<Make>Volvo</Make>
		<Year>2014</Year>
		<Color>red</Color>
		<EngineSize>1.4</EngineSize>
		<Price>24834</Price>
		<Dealer>RideAway</Dealer>
	</Car>
	<Car>
		<Make>Fiat</Make>
		<Year>2011</Year>
		<Color>silver</Color>
		<EngineSize>3.0</EngineSize>
		<Price>39850</Price>
		<Dealer>RideAway</Dealer>
	</Car>
	<Car>
		<Make>Volvo</Make>
		<Year>2011</Year>
		<Color>blue</Color>
		<EngineSize>1.8</EngineSize>
		<Price>40843</Price>
		<Dealer>Pattison</Dealer>
	</Car>
	<Car>
		<Make>Chevrolet</Make>
		<Year>2016</Year>
		<Color>blue</Color>
		<EngineSize>1.8</EngineSize>
		<Price>33331</Price>
		<Dealer>Dueck</Dealer>
	</Car>
	<Car>
		<Make>Hyundai</Make>
		<Year>2018</Year>
		<Color>red</Color>
		<EngineSize>2.0</EngineSize>
		<Price>47216</Price>
		<Dealer>RideAway</Dealer>
	</Car>
	<Car>
		<Make>Lexus</Make>
		<Year>2016</Year>
		<Color>green</Color>
		<EngineSize>1.6</EngineSize>
		<Price>25571</Price>
		<Dealer>OpenRoad</Dealer>
	</Car>
	<Car>
		<Make>Nissan</Make>
		<Year>2015</Year>
		<Color>red</Color>
		<EngineSize>2.0</EngineSize>
		<Price>39109</Price>
		<Dealer>New West Autos</Dealer>
	</Car>
	<Car>
		<Make>Ford</Make>
		<Year>2014</Year>
		<Color>white</Color>
		<EngineSize>1.6</EngineSize>
		<Price>47300</Price>
		<Dealer>OpenRoad</Dealer>
	</Car>
	<Car>
		<Make>Kia</Make>
		<Year>2013</Year>
		<Color>gray</Color>
		<EngineSize>1.8</EngineSize>
		<Price>35148</Price>
		<Dealer>RideAway</Dealer>
	</Car>
	<Car>
		<Make>Toyota</Make>
		<Year>2017</Year>
		<Color>silver</Color>
		<EngineSize>1.4</EngineSize>
		<Price>20601</Price>
		<Dealer>New West Autos</Dealer>
	</Car>
	<Car>
		<Make>Audi</Make>
		<Year>2016</Year>
		<Color>silver</Color>
		<EngineSize>2.0</EngineSize>
		<Price>28651</Price>
		<Dealer>Pattison</Dealer>
	</Car>
	<Car>
		<Make>Nissan</Make>
		<Year>2015</Year>
		<Color>black</Color>
		<EngineSize>1.8</EngineSize>
		<Price>21651</Price>
		<Dealer>Pattison</Dealer>
	</Car>
	<Car>
		<Make>Honda</Make>
		<Year>2018</Year>
		<Color>silver</Color>
		<EngineSize>2.5</EngineSize>
		<Price>26835</Price>
		<Dealer>Dueck</Dealer>
	</Car>
	<Car>
		<Make>Volkswagen</Make>
		<Year>2017</Year>
		<Color>white</Color>
		<EngineSize>1.8</EngineSize>
		<Price>46869</Price>
		<Dealer>Pattison</Dealer>
	</Car>
	<Car>
		<Make>Volkswagen</Make>
		<Year>2012</Year>
		<Color>gray</Color>
		<EngineSize>1.8</EngineSize>
		<Price>41379</Price>
		<Dealer>Dueck</Dealer>
	</Car>
	<Car>
		<Make>Porsche</Make>
		<Year>2014</Year>
		<Color>blue</Color>
		<EngineSize>2.5</EngineSize>
		<Price>26535</Price>
		<Dealer>OpenRoad</Dealer>
	</Car>
	<Car>
		<Make>Nissan</Make>
		<Year>2017</Year>
		<Color>white</Color>
		<EngineSize>2.5</EngineSize>
		<Price>24691</Price>
		<Dealer>Dueck</Dealer>
	</Car>
	<Car>
		<Make>Ford</Make>
		<Year>2017</Year>
		<Color>red</Color>
		<EngineSize>1.8</EngineSize>
		<Price>45116</Price>
		<Dealer>Dueck</Dealer>
	</Car>
	<Car>
		<Make>Fiat</Make>
		<Year>2013</Year>
		<Color>black</Color>
		<EngineSize>1.4</EngineSize>
		<Price>49177</Price>
		<Dealer>Pattison</Dealer>
	</Car>
	<Car>
		<Make>Audi</Make>
		<Year>2018</Year>
		<Color>green</Color>
		<EngineSize>2.5</EngineSize>
		<Price>37817</Price>
		<Dealer>New West Autos</Dealer>
	</Car>
	<Car>
		<Make>Mercedes-Benz</Make>
		<Year>2013</Year>
		<Color>silver</Color>
		<EngineSize>1.6</EngineSize>
		<Price>33209</Price>
		<Dealer>Dueck</Dealer>
	</Car>
	<Car>
		<Make>Lexus</Make>
		<Year>2012</Year>
		<Color>red</Color>
		<EngineSize>1.8</EngineSize>
		<Price>40729</Price>
		<Dealer>New West Autos</Dealer>
	</Car>
	<Car>
		<Make>Lexus</Make>
		<Year>2016</Year>
		<Color>blue</Color>
		<EngineSize>1.6</EngineSize>
		<Price>36154</Price>
		<Dealer>Pattison</Dealer>
	</Car>
	<Car>
		<Make>Mazda</Make>
		<Year>2016</Year>
		<Color>red</Color>
		<EngineSize>2.0</EngineSize>
		<Price>35656</Price>
		<Dealer>RideAway</Dealer>
	</Car>
	<Car>
		<Make>Toyota</Make>
		<Year>2011</Year>
		<Color>blue</Color>
		<EngineSize>2.5</EngineSize>
		<Price>26024</Price>
		<Dealer>Pattison</Dealer>
	</Car>
	<Car>
		<Make>Audi</Make>
		<Year>2014</Year>
		<Color>black</Color>
		<EngineSize>1.6</EngineSize>
		<Price>30087</Price>
		<Dealer>OpenRoad</Dealer>
	</Car>
	<Car>
		<Make>Hyundai</Make>
		<Year>2016</Year>
		<Color>green</Color>
		<EngineSize>1.8</EngineSize>
		<Price>37377</Price>
		<Dealer>Pattison</Dealer>
	</Car>
	<Car>
		<Make>Audi</Make>
		<Year>2015</Year>
		<Color>black</Color>
		<EngineSize>3.0</EngineSize>
		<Price>41299</Price>
		<Dealer>Dueck</Dealer>
	</Car>
	<Car>
		<Make>Ford</Make>
		<Year>2015</Year>
		<Color>silver</Color>
		<EngineSize>1.4</EngineSize>
		<Price>38551</Price>
		<Dealer>OpenRoad</Dealer>
	</Car>
	<Car>
		<Make>Volvo</Make>
		<Year>2014</Year>
		<Color>gray</Color>
		<EngineSize>1.6</EngineSize>
		<Price>44970</Price>
		<Dealer>Pattison</Dealer>
	</Car>
	<Car>
		<Make>Audi</Make>
		<Year>2012</Year>
		<Color>blue</Color>
		<EngineSize>1.6</EngineSize>
		<Price>37613</Price>
		<Dealer>OpenRoad</Dealer>
	</Car>
	<Car>
		<Make>Mazda</Make>
		<Year>2017</Year>
		<Color>white</Color>
		<EngineSize>2.0</EngineSize>
		<Price>23474</Price>
		<Dealer>Pattison</Dealer>
	</Car>
	<Car>
		<Make>Volkswagen</Make>
		<Year>2018</Year>
		<Color>blue</Color>
		<EngineSize>2.5</EngineSize>
		<Price>38075</Price>
		<Dealer>Dueck</Dealer>
	</Car>
	<Car>
		<Make>Hyundai</Make>
		<Year>2011</Year>
		<Color>blue</Color>
		<EngineSize>2.5</EngineSize>
		<Price>43172</Price>
		<Dealer>Pattison</Dealer>
	</Car>
	<Car>
		<Make>BMW</Make>
		<Year>2011</Year>
		<Color>green</Color>
		<EngineSize>1.4</EngineSize>
		<Price>42536</Price>
		<Dealer>OpenRoad</Dealer>
	</Car>
	<Car>
		<Make>Ford</Make>
		<Year>2014</Year>
		<Color>red</Color>
		<EngineSize>2.0</EngineSize>
		<Price>21252</Price>
		<Dealer>Dueck</Dealer>
	</Car>
	<Car>
		<Make>Volvo</Make>
		<Year>2014</Year>
		<Color>white</Color>
		<EngineSize>2.5</EngineSize>
		<Price>41919</Price>
		<Dealer>Dueck</Dealer>
	</Car>
	<Car>
		<Make>Audi</Make>
		<Year>2012</Year>
		<Color>blue</Color>
		<EngineSize>1.6</EngineSize>
		<Price>36133</Price>
		<Dealer>OpenRoad</Dealer>
	</Car>
	<Car>
		<Make>Chevrolet</Make>
		<Year>2018</Year>
		<Color>black</Color>
		<EngineSize>3.0</EngineSize>
		<Price>42991</Price>
		<Dealer>Dueck</Dealer>
	</Car>
	<Car>
		<Make>Lexus</Make>
		<Year>2011</Year>
		<Color>black</Color>
		<EngineSize>2.0</EngineSize>
		<Price>29073</Price>
		<Dealer>Pattison</Dealer>
	</Car>
	<Car>
		<Make>Nissan</Make>
		<Year>2018</Year>
		<Color>white</Color>
		<EngineSize>2.0</EngineSize>
		<Price>23381</Price>
		<Dealer>Dueck</Dealer>
	</Car>
	<Car>
		<Make>Chevrolet</Make>
		<Year>2012</Year>
		<Color>blue</Color>
		<EngineSize>1.8</EngineSize>
		<Price>32769</Price>
		<Dealer>New West Autos</Dealer>
	</Car>
	<Car>
		<Make>Volkswagen</Make>
		<Year>2016</Year>
		<Color>green</Color>
		<EngineSize>3.0</EngineSize>
		<Price>40898</Price>
		<Dealer>Dueck</Dealer>
	</Car>
	<Car>
		<Make>BMW</Make>
		<Year>2013</Year>
		<Color>gray</Color>
		<EngineSize>2.0</EngineSize>
		<Price>24691</Price>
		<Dealer>New West Autos</Dealer>
	</Car>
	<Car>
		<Make>Lexus</Make>
		<Year>2014</Year>
		<Color>gray</Color>
		<EngineSize>3.0</EngineSize>
		<Price>32350</Price>
		<Dealer>New West Autos</Dealer>
	</Car>
	<Car>
		<Make>Audi</Make>
		<Year>2013</Year>
		<Color>white</Color>
		<EngineSize>3.0</EngineSize>
		<Price>44718</Price>
		<Dealer>New West Autos</Dealer>
	</Car>
	<Car>
		<Make>Mazda</Make>
		<Year>2014</Year>
		<Color>white</Color>
		<EngineSize>1.8</EngineSize>
		<Price>26899</Price>
		<Dealer>RideAway</Dealer>
	</Car>
	<Car>
		<Make>Chevrolet</Make>
		<Year>2014</Year>
		<Color>white</Color>
		<EngineSize>3.0</EngineSize>
		<Price>48869</Price>
		<Dealer>RideAway</Dealer>
	</Car>
	<Car>
		<Make>Volvo</Make>
		<Year>2013</Year>
		<Color>silver</Color>
		<EngineSize>2.5</EngineSize>
		<Price>49943</Price>
		<Dealer>RideAway</Dealer>
	</Car>
	<Car>
		<Make>Porsche</Make>
		<Year>2011</Year>
		<Color>red</Color>
		<EngineSize>3.0</EngineSize>
		<Price>49745</Price>
		<Dealer>New West Autos</Dealer>
	</Car>
	<Car>
		<Make>Porsche</Make>
		<Year>2017</Year>
		<Color>blue</Color>
		<EngineSize>2.0</EngineSize>
		<Price>47647</Price>
		<Dealer>Dueck</Dealer>
	</Car>
	<Car>
		<Make>Volkswagen</Make>
		<Year>2015</Year>
		<Color>silver</Color>
		<EngineSize>1.4</EngineSize>
		<Price>44104</Price>
		<Dealer>RideAway</Dealer>
	</Car>
</ArrayOfCar>
